id,inventory_category_list,status,created_by,created_at,edited_by,edited_at,parent_id,type,sub_parent_id,modified_at
147,Mo-09764,1,02-0501,"2025-10-15 10:45:46",null,NULL,146,model,0,"2025-10-15 10:45:46"
146,Accessories,1,02-0501,"2025-10-15 10:45:46",null,NULL,145,brand,0,"2025-10-15 10:45:46"
145,"Combo Accessories",1,02-0501,"2025-10-15 10:45:46",null,NULL,0,category,0,"2025-10-15 10:45:46"
144,"it's a test",1,02-0501,"2025-09-30 10:43:51",02-0501,"2025-09-30 10:43:51",143,model,0,"2025-09-30 10:40:33"
143,"It's test",1,02-0501,"2025-09-30 10:43:51",02-0501,"2025-09-30 10:43:51",61,brand,0,"2025-09-30 10:40:33"
142,abc,1,02-0501,"2025-09-17 10:58:51",null,NULL,123,model,0,NULL
141,MO-9873,1,02-0501,"2025-09-10 12:58:31",null,NULL,140,model,0,NULL
140,Samsung,1,02-0501,"2025-09-10 12:58:31",null,NULL,21,brand,0,NULL
139,Model-345,1,02-0501,"2025-09-17 10:55:33",02-0501,"2025-09-17 10:55:33",138,model,0,"2025-09-10 12:44:36"
138,Dell,1,02-0501,"2025-09-17 10:55:33",02-0501,"2025-09-17 10:55:33",7,brand,0,"2025-09-10 12:44:36"
137,Model-11,1,02-0501,"2025-09-17 10:55:39",02-0501,"2025-09-17 10:55:39",136,model,0,NULL
136,HP,1,02-0501,"2025-09-17 10:55:39",02-0501,"2025-09-17 10:55:39",7,brand,0,NULL
135,MO-997,1,02-0501,"2025-09-10 11:37:02",null,NULL,134,model,0,NULL
134,HP,1,02-0501,"2025-09-10 11:37:02",null,NULL,17,brand,0,NULL
133,Model-987,1,02-0501,"2025-09-10 10:46:16",null,NULL,132,model,0,"2025-09-10 10:46:16"
132,Dell,1,02-0501,"2025-09-10 10:46:16",null,NULL,3,brand,0,"2025-09-10 10:46:16"
131,Model-11-00,1,02-0501,"2025-09-17 10:55:58",02-0501,"2025-09-17 10:55:58",130,model,0,NULL
130,HP,1,02-0501,"2025-09-17 10:55:58",02-0501,"2025-09-17 10:55:58",3,brand,0,NULL
129,MKJY_076_677_76,1,02-2014,"2025-09-03 13:28:46",null,NULL,128,model,0,NULL
128,TPLink,1,02-2014,"2025-09-03 13:28:46",null,NULL,38,brand,0,NULL
127,"Its' a model",1,02-2014,"2025-08-25 09:09:20",null,NULL,126,model,0,NULL
126,"It's a brand",1,02-2014,"2025-08-25 09:09:20",null,NULL,54,brand,0,NULL
125,Del-Mo-23456,1,02-2014,"2025-09-17 10:57:32",02-0501,"2025-09-17 10:57:32",124,model,0,NULL
124,Dell-777,1,02-2014,"2025-09-17 10:57:32",02-0501,"2025-09-17 10:57:32",41,brand,0,NULL
123,HP,1,02-2014,"2025-09-17 10:58:51",02-0501,"2025-09-17 10:58:51",41,brand,0,"2025-08-24 13:13:27"
122,"Laptop Keyboard for Acer",1,02-2014,"2025-08-21 11:11:50",null,NULL,121,model,0,NULL
121,Acer,1,02-2014,"2025-08-21 11:11:50",null,NULL,2,brand,0,NULL
120,"C930E 1080P ",1,02-0501,"2025-09-17 10:08:34",02-0501,"2025-09-17 10:08:34",119,model,0,"2025-08-19 10:49:31"
119,Logitech,1,02-0501,"2025-09-17 10:08:34",02-0501,"2025-09-17 10:08:34",118,brand,0,"2025-08-19 10:49:31"
118,Webcam,1,02-0501,"2025-09-17 10:08:34",02-0501,"2025-09-17 10:08:34",0,category,0,"2025-08-19 10:49:31"
117,"LaserJet 107a",1,02-0501,"2025-08-19 10:47:13",null,NULL,109,model,0,"2025-08-19 10:47:13"
116,"LaserJet Pro 4003dw",1,02-2014,"2025-08-19 10:30:00",null,NULL,115,model,0,"2025-08-19 10:30:00"
115,HP,1,02-2014,"2025-08-19 10:30:00",null,NULL,34,brand,0,"2025-08-19 10:30:00"
114,"OptiPlex 7010",1,02-2014,"2025-08-18 14:24:47",null,NULL,113,model,0,"2025-08-18 14:24:47"
113,Dell,1,02-2014,"2025-08-18 14:24:47",null,NULL,19,brand,0,"2025-08-18 14:24:47"
112,"Archer AX73",1,02-0501,"2025-08-12 13:49:17",null,NULL,111,model,0,NULL
111,TP-Link,1,02-0501,"2025-08-12 13:49:17",null,NULL,12,brand,0,NULL
110,"LaserJet Pro M404dn, LaserJet MFP M234dw, LaserJet Enterprise M507dn",1,02-0501,"2025-08-12 12:49:48",null,NULL,109,model,0,"2025-08-12 12:49:48"
109,HP,1,02-0501,"2025-08-19 10:47:13",null,NULL,50,brand,0,"2025-08-19 10:47:13"
108,"imageCLASS LBP6230dw, imageCLASS MF445dw, i-SENSYS LBP223dw",1,02-0501,"2025-08-12 12:48:54",null,NULL,107,model,0,NULL
107,Canon,1,02-0501,"2025-08-12 12:48:54",null,NULL,50,brand,0,NULL
106,Cisco-9865,1,02-0501,"2025-08-11 14:30:01",null,NULL,105,model,0,NULL
105,Cisco,1,02-0501,"2025-08-11 14:30:01",null,NULL,47,brand,0,NULL
104,Dell-Model,1,02-0501,"2025-08-11 14:25:26",null,NULL,103,model,0,"2025-08-11 14:25:26"
103,Dell,1,02-0501,"2025-08-11 14:25:26",null,NULL,39,brand,0,"2025-08-11 14:25:26"
102,HP-Model,1,02-0501,"2025-08-11 14:24:20",null,NULL,101,model,0,NULL
101,HP,1,02-0501,"2025-08-11 14:24:20",null,NULL,39,brand,0,NULL
100,tyyu,1,02-0501,"2025-08-10 17:25:47",null,NULL,99,model,0,"2025-08-10 17:25:47"
99,fggh,1,02-0501,"2025-08-10 17:25:47",null,NULL,98,brand,0,"2025-08-10 17:25:47"
98,abc,1,02-0501,"2025-08-10 17:25:47",null,NULL,0,category,0,"2025-08-10 17:25:47"
97,12345,1,02-0501,"2025-08-11 14:23:17",02-0501,"2025-08-11 14:23:17",91,model,0,NULL
96,fdfdfd,1,02-0501,"2025-08-10 17:08:55",null,NULL,95,model,0,NULL
95,fdfdf,1,02-0501,"2025-08-10 17:08:55",null,NULL,58,brand,0,NULL
94,"It's a test  dfdfdfdf",1,02-0501,"2025-08-10 14:56:33",02-0501,"2025-08-10 14:56:33",93,model,0,NULL
93,"It's a test ad d",1,02-0501,"2025-08-10 14:56:33",02-0501,"2025-08-10 14:56:33",52,brand,0,NULL
92,"2345 0000",1,02-0501,"2025-08-10 17:16:27",02-0501,"2025-08-10 17:16:27",91,model,0,NULL
91,abc,1,02-0501,"2025-08-11 14:23:17",02-0501,"2025-08-11 14:23:17",53,brand,0,NULL
90,,0,02-0501,"2025-08-10 17:10:03",null,NULL,53,brand,0,NULL
89,,0,02-0501,"2025-08-10 17:10:03",null,NULL,72,brand,0,NULL
88,,0,02-0501,"2025-08-10 17:10:03",null,NULL,72,brand,0,NULL
87,,0,02-0501,"2025-08-10 17:10:03",null,NULL,53,brand,0,NULL
86,,0,02-0501,"2025-08-10 17:10:03",null,NULL,53,brand,0,NULL
85,,0,02-0501,"2025-08-10 17:10:03",null,NULL,53,brand,0,NULL
84,Leno-MOIUYT,1,02-0501,"2025-08-05 11:09:39",null,NULL,83,model,0,NULL
83,Lenovo,1,02-0501,"2025-08-05 11:09:39",null,NULL,62,brand,0,NULL
82,Mo-KLOIU,1,02-0501,"2025-08-04 15:04:34",null,NULL,81,model,0,NULL
81,A4-Tech,1,02-0501,"2025-08-04 15:04:34",null,NULL,9,brand,0,NULL
80,!@#$,1,02-0501,"2025-08-04 14:58:24",null,NULL,79,model,0,NULL
79,Dell,1,02-0501,"2025-08-04 14:58:24",null,NULL,36,brand,0,NULL
78,Samsung-model,1,02-0501,"2025-08-05 19:29:39",02-0501,"2025-08-05 19:29:39",77,model,0,NULL
77,Samasung,1,02-0501,"2025-08-05 19:29:39",02-0501,"2025-08-05 19:29:39",72,brand,0,NULL
76,TV-MO-9886,1,02-0501,"2025-08-03 10:31:44",null,NULL,75,model,0,NULL
75,Samsung,1,02-0501,"2025-08-03 10:31:44",null,NULL,43,brand,0,NULL
74,Sam-8975,1,02-0501,"2025-08-03 10:31:21",null,NULL,73,model,0,NULL
73,Samsung,1,02-0501,"2025-08-03 10:31:21",null,NULL,45,brand,0,NULL
72,"Laptop Battery",0,02-2014,"2025-09-03 16:25:04",02-2014,"2025-09-03 16:25:04",0,category,0,"0000-00-00 00:00:00"
71,"Camera Lenses thin and thik ",1,02-2014,"2025-08-03 10:30:18",null,"0000-00-00 00:00:00",0,category,0,"0000-00-00 00:00:00"
70,"Digital Camera New Version",1,02-0501,"2025-08-03 10:30:18",null,"0000-00-00 00:00:00",0,category,0,"0000-00-00 00:00:00"
69,"Digital Camera New Version",1,02-0501,"2025-08-03 10:30:18",null,"0000-00-00 00:00:00",0,category,0,"0000-00-00 00:00:00"
68,"HDD Problem",1,02-0501,"2025-08-03 10:30:18",null,"0000-00-00 00:00:00",0,category,0,"0000-00-00 00:00:00"
67,"new category",1,02-0501,"2025-08-03 10:30:18",null,"0000-00-00 00:00:00",0,category,0,"0000-00-00 00:00:00"
66,"Digital Camera Version-1",1,02-0501,"2025-08-03 10:30:18",null,"0000-00-00 00:00:00",0,category,0,"0000-00-00 00:00:00"
65,"Digital Camera Version-1",1,02-0501,"2025-08-03 10:30:18",null,"0000-00-00 00:00:00",0,category,0,"0000-00-00 00:00:00"
64,"New Item Test",1,02-0501,"2025-08-03 10:30:18",null,"0000-00-00 00:00:00",0,category,0,"0000-00-00 00:00:00"
63,"Test Purpose",1,02-0501,"2025-08-03 10:30:18",null,"0000-00-00 00:00:00",0,category,0,"0000-00-00 00:00:00"
62,"Touch Laptop",1,02-0501,"2025-08-05 11:09:39",02-0501,"2025-08-05 11:09:39",0,category,0,"0000-00-00 00:00:00"
61,"barcode reader",1,02-0007,"2025-09-30 10:43:51",02-0501,"2025-09-30 10:43:51",0,category,0,"2025-09-30 10:40:33"
60,"Driver set",1,02-0467,"2025-08-03 10:30:18",02-0467,"2022-10-23 05:17:54",0,category,0,"0000-00-00 00:00:00"
59,"DVD Drive",1,02-0467,"2025-08-03 10:30:18",02-0467,"2022-09-27 04:18:29",0,category,0,"0000-00-00 00:00:00"
58,"Desktop (DOWT)",1,02-0467,"2025-08-10 17:08:55",02-0501,"2025-08-10 17:08:55",0,category,0,"0000-00-00 00:00:00"
57,"Door access device",1,02-0467,"2025-08-03 10:30:18",02-0467,"2022-09-27 04:29:56",0,category,0,"0000-00-00 00:00:00"
56,Printer-Label,1,02-0467,"2025-08-03 10:30:18",02-0467,"2022-09-27 04:38:59",0,category,0,"0000-00-00 00:00:00"
55,"Barcode Scanner",1,02-0467,"2025-08-03 10:30:18",null,"0000-00-00 00:00:00",0,category,0,"0000-00-00 00:00:00"
54,"LAN Card PCIe",1,02-0467,"2025-08-25 09:09:20",02-2014,"2025-08-25 09:09:20",0,category,0,"0000-00-00 00:00:00"
53,PenDrive,1,02-0467,"2025-08-11 14:23:17",02-0501,"2025-08-11 14:23:17",0,category,0,"0000-00-00 00:00:00"
52,RAM-Desktop,1,02-0467,"2025-08-10 14:56:33",02-0501,"2025-08-10 14:56:33",0,category,0,"0000-00-00 00:00:00"
51,"Laptop Display",1,02-0467,"2025-08-03 10:30:18",null,"0000-00-00 00:00:00",0,category,0,"0000-00-00 00:00:00"
50,Printer-Laser,1,02-0467,"2025-08-19 10:47:13",02-0501,"2025-08-12 12:48:54",0,category,0,"2025-08-19 10:47:13"
49,"Laptop Bag",1,02-0467,"2025-08-03 10:30:18",null,"0000-00-00 00:00:00",0,category,0,"0000-00-00 00:00:00"
48,Tools,1,02-0467,"2025-08-03 10:30:18",null,"0000-00-00 00:00:00",0,category,0,"0000-00-00 00:00:00"
47,Server,1,02-0467,"2025-08-11 14:30:01",02-0501,"2025-08-11 14:30:01",0,category,0,"0000-00-00 00:00:00"
46,"Digital Camera",1,02-0467,"2025-08-03 10:30:18",null,"0000-00-00 00:00:00",0,category,0,"0000-00-00 00:00:00"
45,MACBOOK,1,02-0467,"2025-08-03 10:31:21",02-0501,"2025-08-03 10:31:21",0,category,0,"0000-00-00 00:00:00"
44,"Wireless Presenter",1,02-0467,"2025-08-03 10:30:18",null,"0000-00-00 00:00:00",0,category,0,"0000-00-00 00:00:00"
43,TV,1,02-0467,"2025-08-03 10:31:44",02-0501,"2025-08-03 10:31:44",0,category,0,"0000-00-00 00:00:00"
42,"Cable Tester",1,02-0467,"2025-08-03 10:30:18",null,"0000-00-00 00:00:00",0,category,0,"0000-00-00 00:00:00"
41,"Laptop (DOWT)",1,02-0467,"2025-09-17 10:58:51",02-0501,"2025-09-17 10:58:51",0,category,0,"2025-08-24 13:13:27"
40,"Ethernet Adapter",1,02-0467,"2025-08-03 10:30:18",null,"0000-00-00 00:00:00",0,category,0,"0000-00-00 00:00:00"
39,"HDD Laptop",1,02-0467,"2025-08-11 14:25:26",02-0501,"2025-08-11 14:24:20",0,category,0,"2025-08-11 14:25:26"
38,"Network Switch",1,02-0467,"2025-09-03 13:28:46",02-2014,"2025-09-03 13:28:46",0,category,0,"0000-00-00 00:00:00"
37,"HDMI Cable",1,02-0467,"2025-08-03 10:30:18",null,"0000-00-00 00:00:00",0,category,0,"0000-00-00 00:00:00"
36,"IP Phone",1,02-0467,"2025-08-04 14:58:24",02-0501,"2025-08-04 14:58:24",0,category,0,"0000-00-00 00:00:00"
35,"Screw Driver",1,02-0467,"2025-08-03 10:30:18",null,"0000-00-00 00:00:00",0,category,0,"0000-00-00 00:00:00"
34,Printer-Color,1,02-0467,"2025-08-19 10:30:00",null,"0000-00-00 00:00:00",0,category,0,"2025-08-19 10:30:00"
33,"Test Device",1,02-0467,"2025-08-03 10:30:18",null,"0000-00-00 00:00:00",0,category,0,"0000-00-00 00:00:00"
32,Scanner,1,02-0467,"2025-08-03 10:30:18",null,"0000-00-00 00:00:00",0,category,0,"0000-00-00 00:00:00"
31,"HDD Portable",1,02-0467,"2025-08-03 10:30:18",null,"0000-00-00 00:00:00",0,category,0,"0000-00-00 00:00:00"
30,Headphone,1,02-0467,"2025-08-03 10:30:18",null,"0000-00-00 00:00:00",0,category,0,"0000-00-00 00:00:00"
29,"UPS Battery",1,02-0467,"2025-08-03 10:30:18",null,"0000-00-00 00:00:00",0,category,0,"0000-00-00 00:00:00"
28,"CCTV NVR",1,02-0467,"2025-08-03 10:30:18",null,"0000-00-00 00:00:00",0,category,0,"0000-00-00 00:00:00"
27,"Video Conference Set",1,02-0467,"2025-08-03 10:30:18",null,"0000-00-00 00:00:00",0,category,0,"0000-00-00 00:00:00"
26,Plotter,1,02-0467,"2025-08-03 10:30:18",null,"0000-00-00 00:00:00",0,category,0,"0000-00-00 00:00:00"
25,"DSLR Camera",1,02-0467,"2025-08-03 10:30:18",null,"0000-00-00 00:00:00",0,category,0,"0000-00-00 00:00:00"
24,Mobile,1,02-0467,"2025-08-03 10:30:18",null,"0000-00-00 00:00:00",0,category,0,"0000-00-00 00:00:00"
23,Desktop-DC3,1,02-0467,"2025-08-03 10:30:18",null,"0000-00-00 00:00:00",0,category,0,"0000-00-00 00:00:00"
22,iMac,1,02-0467,"2025-08-03 10:30:18",null,"0000-00-00 00:00:00",0,category,0,"0000-00-00 00:00:00"
21,Monitor,1,02-0467,"2025-09-10 12:58:31",02-0501,"2025-09-10 12:58:31",0,category,0,"0000-00-00 00:00:00"
20,"HDD Desktop",1,02-0467,"2025-08-03 10:30:18",null,"0000-00-00 00:00:00",0,category,0,"0000-00-00 00:00:00"
19,Desktop-DC2,1,02-0467,"2025-08-18 14:24:47",null,"0000-00-00 00:00:00",0,category,0,"2025-08-18 14:24:47"
18,Laptop-LC3,1,02-0467,"2025-08-03 10:30:18",null,"0000-00-00 00:00:00",0,category,0,"0000-00-00 00:00:00"
17,SSD,1,02-0467,"2025-09-10 11:37:02",02-0501,"2025-09-10 11:37:02",0,category,0,"0000-00-00 00:00:00"
16,"Exit Reader",1,02-0467,"2025-08-03 10:30:18",null,"0000-00-00 00:00:00",0,category,0,"0000-00-00 00:00:00"
15,UPS,1,02-0467,"2025-08-03 10:30:18",null,"0000-00-00 00:00:00",0,category,0,"0000-00-00 00:00:00"
14,Converter,1,02-0467,"2025-08-03 10:30:18",null,"0000-00-00 00:00:00",0,category,0,"0000-00-00 00:00:00"
13,Desktop-DC1,1,02-0467,"2025-08-03 10:30:18",null,"0000-00-00 00:00:00",0,category,0,"0000-00-00 00:00:00"
12,"Wireless Router",1,02-0467,"2025-08-12 13:49:17",02-0501,"2025-08-12 13:49:17",0,category,0,"0000-00-00 00:00:00"
11,Tablet,1,02-0467,"2025-08-03 10:30:18",null,"0000-00-00 00:00:00",0,category,0,"0000-00-00 00:00:00"
10,"Laptop Battery",1,02-0467,"2025-08-03 10:30:18",null,"0000-00-00 00:00:00",0,category,0,"0000-00-00 00:00:00"
9,Mouse,1,02-0467,"2025-08-04 15:04:34",02-0501,"2025-08-04 15:04:34",0,category,0,"0000-00-00 00:00:00"
8,"Docking Station",1,02-0467,"2025-08-03 10:30:18",null,"0000-00-00 00:00:00",0,category,0,"0000-00-00 00:00:00"
7,RAM-Laptop,1,02-0467,"2025-09-17 10:55:39",02-0501,"2025-09-17 10:55:39",0,category,0,"2025-09-10 12:44:36"
6,"LAN Card USB",1,02-0467,"2025-08-03 10:30:18",null,"0000-00-00 00:00:00",0,category,0,"0000-00-00 00:00:00"
5,Laptop-LC1,1,02-0467,"2025-08-03 10:30:18",null,"0000-00-00 00:00:00",0,category,0,"0000-00-00 00:00:00"
4,Keyboard-USB,1,02-0467,"2025-08-03 10:30:18",null,"0000-00-00 00:00:00",0,category,0,"0000-00-00 00:00:00"
3,"Laptop Adapter",1,02-0467,"2025-09-17 10:55:58",02-0501,"2025-09-17 10:55:58",0,category,0,"2025-09-10 10:46:16"
2,"Laptop Keyboard",1,02-0467,"2025-08-21 11:11:50",02-2014,"2025-08-21 11:11:50",0,category,0,"0000-00-00 00:00:00"
1,Laptop-LC2,1,02-0467,"2022-09-26 05:34:24",02-0467,"0000-00-00 00:00:00",0,category,0,"0000-00-00 00:00:00"
